ID,Rating,Review,
1,4,fantastic. wonderful experience.,
2,2,broke easily. awful.,
3,3,met expectations. five stars.,
4,5,very satisfied. wonderful experience.,
5,1,worst purchase. one star.,
6,3,some pros and cons. works perfectly.,
7,5,highly recommend. amazing features.,
8,2,waste of money. poor quality.,
9,4,love this product. highly recommend. nothing special.,
10,2,poor quality. worst purchase.,
11,2,awful. customer service was bad. some pros and cons.,
12,5,fantastic. best purchase ever.,
13,4,wonderful experience. love this product. some pros and cons.,
14,1,broke easily. does not work.,
15,3,decent for the price. worst purchase.,
16,1,awful. one star.,
17,5,exceeded expectations. works perfectly.,
18,5,best purchase ever. easy to use.,
19,3,works as expected. easy to use.,
20,1,difficult to use. difficult to use.,
21,3,neither good nor bad. very satisfied.,
22,4,amazing features. great value.,
23,4,exceeded expectations. best purchase ever. some pros and cons.,
24,1,would not recommend. bad experience.,
25,3,it's okay. five stars.,
26,3,it's okay. five stars.,
27,2,broke easily. terrible product.,
28,4,love this product. works perfectly.,
29,5,very satisfied. easy to use.,
30,3,could be better. excellent quality.,
31,3,met expectations. does not work.,
32,4,best purchase ever. works perfectly.,
33,4,easy to use. excellent quality.,
34,3,average product. customer service was bad.,
35,2,worst purchase. missing features.,
36,1,customer service was bad. one star.,
37,3,works as expected. very disappointed.,
38,1,awful. would not recommend.,
39,4,amazing features. wonderful experience. average product.,
40,2,would not recommend. terrible product. decent for the price.,
41,4,love this product. five stars.,
42,5,exceeded expectations. excellent quality.,
43,1,waste of money. one star.,
44,3,it's okay. five stars.,
45,4,very satisfied. works perfectly.,
46,5,works perfectly. five stars.,
47,5,works perfectly. excellent quality.,
48,2,very disappointed. difficult to use. average product.,
49,2,broke easily. very disappointed.,
50,5,wonderful experience. five stars.,
51,1,terrible product. awful.,
52,4,five stars. excellent quality. neither good nor bad.,
53,3,met expectations. very disappointed.,
54,1,broke easily. one star.,
55,5,highly recommend. very satisfied. nothing special.,
56,3,average product. customer service was bad.,
57,3,neither good nor bad. best purchase ever.,
58,5,best purchase ever. best purchase ever. average product.,
59,1,bad experience. difficult to use.,
60,5,best purchase ever. works perfectly.,
61,1,waste of money. terrible product.,
62,4,best purchase ever. great value.,
63,1,very disappointed. waste of money.,
64,4,love this product. fantastic.,
65,4,exceeded expectations. highly recommend.,
66,2,broke easily. waste of money.,
67,1,one star. bad experience. average product.,
68,5,love this product. best purchase ever.,
69,2,does not work. missing features.,
70,2,awful. would not recommend.,
71,5,great value. amazing features.,
72,3,average product. fantastic.,
73,5,easy to use. amazing features. it's okay.,
74,1,bad experience. broke easily. nothing special.,
75,4,amazing features. easy to use.,
76,4,works perfectly. five stars.,
77,3,neither good nor bad. difficult to use.,
78,5,easy to use. best purchase ever.,
79,5,five stars. amazing features.,
80,4,wonderful experience. fantastic. average product.,
81,3,decent for the price. fantastic.,
82,5,love this product. easy to use.,
83,4,works perfectly. wonderful experience.,
84,3,neither good nor bad. wonderful experience.,
85,5,best purchase ever. highly recommend. some pros and cons.,
86,1,customer service was bad. missing features.,
87,1,very disappointed. worst purchase. decent for the price.,
88,5,works perfectly. highly recommend. some pros and cons.,
89,1,difficult to use. missing features.,
90,2,waste of money. awful. nothing special.,
91,2,one star. one star.,
92,4,amazing features. love this product.,
93,5,works perfectly. wonderful experience.,
94,3,could be better. broke easily.,
95,5,love this product. excellent quality.,
96,1,missing features. very disappointed.,
97,1,missing features. does not work. decent for the price.,
98,4,very satisfied. works perfectly.,
99,5,best purchase ever. works perfectly. some pros and cons.,
100,1,would not recommend. customer service was bad.,
101,2,difficult to use. worst purchase.,
102,3,it's okay. waste of money.,
103,3,neither good nor bad. waste of money.,
104,2,very disappointed. one star.,
105,2,broke easily. does not work.,
106,4,fantastic. five stars. works as expected.,
107,1,awful. terrible product.,
108,4,excellent quality. very satisfied.,
109,5,amazing features. easy to use. met expectations.,
110,4,works perfectly. works perfectly.,
111,2,waste of money. waste of money.,
112,2,very disappointed. terrible product.,
113,4,love this product. best purchase ever.,
114,1,very disappointed. awful.,
115,5,fantastic. love this product.,
116,4,fantastic. excellent quality.,
117,3,neither good nor bad. one star.,
118,5,amazing features. easy to use.,
119,2,very disappointed. worst purchase.,
120,1,missing features. would not recommend.,
121,1,would not recommend. very disappointed.,
122,1,missing features. waste of money.,
123,2,bad experience. very disappointed.,
124,1,very disappointed. very disappointed. nothing special.,
125,3,could be better. awful.,
126,2,would not recommend. very disappointed.,
127,3,could be better. wonderful experience.,
128,4,very satisfied. highly recommend.,
129,1,terrible product. worst purchase.,
130,5,love this product. very satisfied.,
131,2,one star. poor quality.,
132,2,waste of money. missing features.,
133,3,it's okay. one star.,
134,4,exceeded expectations. amazing features. works as expected.,
135,3,met expectations. wonderful experience.,
136,3,decent for the price. works perfectly.,
137,3,some pros and cons. missing features.,
138,2,terrible product. missing features.,
139,2,does not work. very disappointed.,
140,3,it's okay. difficult to use.,
141,3,some pros and cons. great value.,
142,3,average product. broke easily.,
143,2,would not recommend. bad experience. could be better.,
144,5,highly recommend. five stars.,
145,3,decent for the price. customer service was bad.,
146,2,one star. worst purchase.,
147,2,awful. one star.,
148,4,fantastic. great value.,
149,2,missing features. very disappointed. could be better.,
150,1,waste of money. worst purchase.,
151,1,does not work. awful.,
152,1,would not recommend. missing features. some pros and cons.,
153,3,met expectations. excellent quality.,
154,3,works as expected. amazing features.,
155,4,love this product. wonderful experience.,
156,2,difficult to use. terrible product.,
157,1,bad experience. awful.,
158,1,does not work. broke easily.,
159,5,fantastic. works perfectly. works as expected.,
160,2,poor quality. customer service was bad.,
161,4,easy to use. works perfectly.,
162,2,terrible product. difficult to use.,
163,2,difficult to use. does not work. could be better.,
164,1,terrible product. one star. average product.,
165,3,nothing special. waste of money.,
166,2,difficult to use. waste of money. works as expected.,
167,4,excellent quality. love this product.,
168,4,easy to use. easy to use. decent for the price.,
169,5,five stars. works perfectly.,
170,4,fantastic. exceeded expectations.,
171,1,missing features. awful.,
172,1,customer service was bad. would not recommend. average product.,
173,5,great value. best purchase ever.,
174,2,very disappointed. worst purchase.,
175,5,amazing features. very satisfied.,
176,2,worst purchase. bad experience.,
177,5,excellent quality. five stars.,
178,1,does not work. worst purchase. could be better.,
179,3,met expectations. fantastic.,
180,5,works perfectly. works perfectly.,
181,1,worst purchase. poor quality. some pros and cons.,
182,1,broke easily. awful.,
183,3,met expectations. does not work.,
184,5,best purchase ever. amazing features.,
185,4,love this product. easy to use.,
186,1,broke easily. worst purchase. neither good nor bad.,
187,1,worst purchase. difficult to use. decent for the price.,
188,1,broke easily. difficult to use.,
189,4,best purchase ever. easy to use. could be better.,
190,3,works as expected. awful.,
191,2,awful. terrible product.,
192,1,bad experience. worst purchase.,
193,2,customer service was bad. broke easily.,
194,5,works perfectly. exceeded expectations.,
195,4,great value. five stars.,
196,4,highly recommend. great value.,
197,1,awful. customer service was bad.,
198,2,terrible product. waste of money.,
199,1,broke easily. worst purchase.,
200,5,fantastic. exceeded expectations.,
201,2,would not recommend. broke easily.,
202,5,excellent quality. amazing features. it's okay.,
203,2,waste of money. very disappointed.,
204,1,worst purchase. terrible product. works as expected.,
205,2,awful. does not work.,
206,5,highly recommend. great value. some pros and cons.,
207,3,some pros and cons. excellent quality.,
208,4,fantastic. amazing features.,
209,3,met expectations. great value.,
210,2,one star. bad experience.,
211,5,wonderful experience. works perfectly.,
212,2,very disappointed. awful.,
213,4,amazing features. wonderful experience.,
214,1,broke easily. very disappointed. decent for the price.,
215,3,neither good nor bad. exceeded expectations.,
216,5,wonderful experience. wonderful experience. average product.,
217,5,excellent quality. five stars. works as expected.,
218,3,decent for the price. highly recommend.,
219,4,love this product. five stars. met expectations.,
220,1,customer service was bad. bad experience.,
221,3,neither good nor bad. love this product.,
222,3,average product. wonderful experience.,
223,4,amazing features. easy to use.,
224,5,highly recommend. very satisfied. works as expected.,
225,1,bad experience. waste of money.,
226,5,amazing features. great value.,
227,1,poor quality. bad experience. it's okay.,
228,1,one star. broke easily.,
229,1,awful. broke easily.,
230,4,fantastic. five stars.,
231,4,easy to use. love this product.,
232,4,amazing features. five stars. met expectations.,
233,5,fantastic. exceeded expectations.,
234,1,poor quality. customer service was bad.,
235,3,some pros and cons. very satisfied.,
236,3,some pros and cons. very disappointed.,
237,4,fantastic. excellent quality.,
238,2,would not recommend. worst purchase.,
239,2,poor quality. poor quality. it's okay.,
240,3,met expectations. missing features.,
241,1,awful. poor quality.,
242,4,highly recommend. highly recommend.,
243,2,worst purchase. customer service was bad. met expectations.,
244,4,wonderful experience. works perfectly. neither good nor bad.,
245,4,great value. easy to use. average product.,
246,2,awful. missing features.,
247,4,wonderful experience. very satisfied. it's okay.,
248,4,best purchase ever. wonderful experience.,
249,5,highly recommend. five stars. it's okay.,
250,3,decent for the price. highly recommend.,
251,2,worst purchase. does not work.,
252,5,excellent quality. fantastic.,
253,1,would not recommend. customer service was bad. average product.,
254,5,very satisfied. five stars.,
255,1,broke easily. missing features.,
256,2,awful. one star. neither good nor bad.,
257,3,some pros and cons. highly recommend.,
258,3,met expectations. amazing features.,
259,3,decent for the price. awful.,
260,4,exceeded expectations. wonderful experience. average product.,
261,1,bad experience. terrible product. met expectations.,
262,5,love this product. works perfectly. nothing special.,
263,5,exceeded expectations. excellent quality.,
264,5,fantastic. exceeded expectations.,
265,4,wonderful experience. highly recommend.,
266,2,terrible product. difficult to use.,
267,5,easy to use. best purchase ever.,
268,2,awful. awful.,
269,3,works as expected. customer service was bad.,
270,5,excellent quality. excellent quality.,
271,1,bad experience. missing features. some pros and cons.,
272,3,met expectations. very satisfied.,
273,3,some pros and cons. wonderful experience.,
274,3,some pros and cons. love this product.,
275,4,great value. works perfectly.,
276,1,does not work. one star. works as expected.,
277,2,waste of money. worst purchase.,
278,2,missing features. one star. decent for the price.,
279,4,easy to use. very satisfied.,
280,4,easy to use. exceeded expectations. decent for the price.,
281,4,works perfectly. highly recommend.,
282,3,nothing special. bad experience.,
283,4,best purchase ever. highly recommend.,
284,2,worst purchase. missing features.,
285,4,easy to use. fantastic.,
286,5,highly recommend. highly recommend. met expectations.,
287,1,broke easily. bad experience.,
288,5,amazing features. best purchase ever. some pros and cons.,
289,5,love this product. best purchase ever. nothing special.,
290,2,difficult to use. worst purchase.,
291,3,average product. love this product.,
292,3,neither good nor bad. very disappointed.,
293,5,exceeded expectations. best purchase ever. some pros and cons.,
294,1,waste of money. poor quality.,
295,5,five stars. works perfectly.,
296,2,would not recommend. does not work.,
297,1,difficult to use. would not recommend.,
298,4,five stars. exceeded expectations.,
299,2,worst purchase. does not work. average product.,
300,4,easy to use. highly recommend. nothing special.,
301,5,amazing features. easy to use.,
302,1,one star. awful.,
303,5,five stars. love this product.,
304,5,excellent quality. fantastic.,
305,1,very disappointed. would not recommend.,
306,4,wonderful experience. excellent quality.,
307,2,broke easily. does not work.,
308,2,very disappointed. does not work.,
309,4,love this product. best purchase ever.,
310,5,best purchase ever. very satisfied. neither good nor bad.,
311,4,works perfectly. excellent quality. works as expected.,
312,2,missing features. poor quality. met expectations.,
313,1,very disappointed. customer service was bad. works as expected.,
314,3,decent for the price. great value.,
315,2,would not recommend. bad experience.,
316,4,excellent quality. wonderful experience. met expectations.,
317,5,easy to use. works perfectly.,
318,5,excellent quality. exceeded expectations.,
319,1,waste of money. missing features.,
320,3,nothing special. terrible product.,
321,5,highly recommend. highly recommend.,
322,2,bad experience. does not work.,
323,4,easy to use. excellent quality. decent for the price.,
324,5,great value. love this product.,
325,2,poor quality. waste of money.,
326,4,five stars. exceeded expectations.,
327,4,highly recommend. excellent quality.,
328,4,wonderful experience. very satisfied.,
329,2,awful. missing features.,
330,2,terrible product. worst purchase.,
331,4,easy to use. excellent quality.,
332,1,does not work. waste of money.,
333,1,missing features. difficult to use.,
334,5,fantastic. love this product.,
335,5,highly recommend. exceeded expectations.,
336,3,decent for the price. very disappointed.,
337,2,awful. awful.,
338,2,would not recommend. customer service was bad. some pros and cons.,
339,1,worst purchase. waste of money. could be better.,
340,2,one star. poor quality. it's okay.,
341,2,broke easily. customer service was bad.,
342,1,would not recommend. waste of money.,
343,3,neither good nor bad. one star.,
344,1,customer service was bad. waste of money.,
345,4,exceeded expectations. amazing features.,
346,5,great value. highly recommend.,
347,3,decent for the price. awful.,
348,3,neither good nor bad. missing features.,
349,5,fantastic. love this product.,
350,3,works as expected. best purchase ever.,
351,2,waste of money. customer service was bad.,
352,3,some pros and cons. very disappointed.,
353,2,one star. terrible product. some pros and cons.,
354,2,does not work. difficult to use.,
355,3,nothing special. awful.,
356,3,met expectations. waste of money.,
357,2,bad experience. would not recommend.,
358,4,fantastic. great value.,
359,4,excellent quality. works perfectly. works as expected.,
360,1,bad experience. one star.,
361,5,wonderful experience. highly recommend. it's okay.,
362,1,terrible product. broke easily.,
363,3,it's okay. would not recommend.,
364,3,decent for the price. wonderful experience.,
365,2,terrible product. customer service was bad.,
366,5,works perfectly. best purchase ever.,
367,5,great value. best purchase ever.,
368,4,easy to use. easy to use.,
369,1,customer service was bad. one star. some pros and cons.,
370,4,fantastic. five stars. met expectations.,
371,4,fantastic. best purchase ever. met expectations.,
372,2,one star. missing features.,
373,3,some pros and cons. excellent quality.,
374,1,poor quality. awful.,
375,5,fantastic. amazing features.,
376,5,easy to use. best purchase ever. it's okay.,
377,3,some pros and cons. love this product.,
378,2,missing features. difficult to use.,
379,1,bad experience. poor quality.,
380,3,it's okay. very disappointed.,
381,2,poor quality. very disappointed.,
382,2,does not work. bad experience.,
383,4,works perfectly. works perfectly.,
384,5,highly recommend. highly recommend.,
385,5,amazing features. fantastic.,
386,2,missing features. awful.,
387,4,very satisfied. easy to use.,
388,1,does not work. waste of money.,
389,4,five stars. amazing features.,
390,5,fantastic. excellent quality. nothing special.,
391,4,wonderful experience. works perfectly.,
392,3,neither good nor bad. great value.,
393,4,very satisfied. works perfectly.,
394,4,love this product. wonderful experience.,
395,5,five stars. very satisfied.,
396,3,works as expected. missing features.,
397,4,great value. works perfectly. some pros and cons.,
398,4,five stars. five stars.,
399,2,awful. poor quality.,
400,4,five stars. fantastic. it's okay.,
401,5,amazing features. works perfectly.,
402,2,very disappointed. terrible product.,
403,3,nothing special. poor quality.,
404,2,one star. difficult to use. nothing special.,
405,4,works perfectly. highly recommend.,
406,5,great value. highly recommend.,
407,4,works perfectly. five stars.,
408,2,broke easily. broke easily.,
409,3,nothing special. works perfectly.,
410,3,could be better. worst purchase.,
411,1,does not work. missing features.,
412,5,fantastic. very satisfied. nothing special.,
413,1,awful. would not recommend.,
414,3,some pros and cons. highly recommend.,
415,4,easy to use. wonderful experience.,
416,4,excellent quality. great value.,
417,5,love this product. great value. some pros and cons.,
418,4,fantastic. love this product. neither good nor bad.,
419,4,amazing features. works perfectly.,
420,5,highly recommend. amazing features.,
421,4,five stars. wonderful experience.,
422,4,exceeded expectations. easy to use.,
423,1,one star. very disappointed. could be better.,
424,3,it's okay. customer service was bad.,
425,3,met expectations. terrible product.,
426,3,neither good nor bad. terrible product.,
427,2,missing features. missing features.,
428,1,difficult to use. difficult to use.,
429,5,wonderful experience. love this product.,
430,3,decent for the price. wonderful experience.,
431,1,one star. worst purchase.,
432,1,customer service was bad. bad experience.,
433,1,poor quality. would not recommend.,
434,4,fantastic. highly recommend.,
435,4,easy to use. excellent quality.,
436,1,customer service was bad. poor quality. some pros and cons.,
437,1,very disappointed. broke easily.,
438,5,fantastic. excellent quality. works as expected.,
439,3,decent for the price. missing features.,
440,1,broke easily. poor quality.,
441,5,five stars. five stars.,
442,3,some pros and cons. fantastic.,
443,3,nothing special. fantastic.,
444,2,would not recommend. waste of money.,
445,1,worst purchase. one star.,
446,3,it's okay. great value.,
447,2,very disappointed. terrible product. it's okay.,
448,5,fantastic. exceeded expectations.,
449,5,very satisfied. exceeded expectations.,
450,2,broke easily. bad experience.,
451,2,one star. waste of money.,
452,4,wonderful experience. wonderful experience.,
453,4,highly recommend. great value. it's okay.,
454,5,easy to use. works perfectly.,
455,2,waste of money. customer service was bad.,
456,5,highly recommend. works perfectly. could be better.,
457,5,excellent quality. exceeded expectations. it's okay.,
458,3,met expectations. worst purchase.,
459,3,decent for the price. highly recommend.,
460,3,met expectations. one star.,
461,5,love this product. fantastic. met expectations.,
462,1,one star. one star.,
463,2,customer service was bad. awful.,
464,3,average product. waste of money.,
465,3,nothing special. does not work.,
466,1,terrible product. terrible product.,
467,3,neither good nor bad. very satisfied.,
468,5,best purchase ever. best purchase ever.,
469,5,fantastic. works perfectly. some pros and cons.,
470,3,could be better. easy to use.,
471,3,decent for the price. waste of money.,
472,5,amazing features. love this product.,
473,2,would not recommend. customer service was bad. works as expected.,
474,3,average product. works perfectly.,
475,3,neither good nor bad. one star.,
476,4,wonderful experience. fantastic. average product.,
477,3,decent for the price. terrible product.,
478,1,does not work. waste of money.,
479,1,customer service was bad. worst purchase.,
480,4,excellent quality. five stars. decent for the price.,
481,4,fantastic. excellent quality.,
482,2,broke easily. missing features.,
483,1,poor quality. very disappointed.,
484,2,one star. missing features. some pros and cons.,
485,1,broke easily. poor quality.,
486,4,works perfectly. love this product.,
487,4,best purchase ever. easy to use.,
488,1,awful. difficult to use. neither good nor bad.,
489,5,love this product. fantastic.,
490,1,missing features. waste of money.,
491,3,met expectations. one star.,
492,1,poor quality. customer service was bad.,
493,1,poor quality. waste of money.,
494,2,broke easily. very disappointed.,
495,1,bad experience. poor quality.,
496,4,very satisfied. five stars. could be better.,
497,1,broke easily. does not work.,
498,1,waste of money. worst purchase. decent for the price.,
499,2,worst purchase. does not work.,
500,1,bad experience. broke easily.,
501,2,terrible product. would not recommend.,
502,1,waste of money. worst purchase.,
503,1,difficult to use. waste of money.,
504,2,one star. broke easily.,
505,5,exceeded expectations. fantastic.,
506,1,would not recommend. awful. some pros and cons.,
507,5,wonderful experience. five stars.,
508,2,missing features. difficult to use.,
509,4,five stars. very satisfied.,
510,3,some pros and cons. worst purchase.,
511,3,decent for the price. would not recommend.,
512,4,highly recommend. very satisfied. some pros and cons.,
513,1,would not recommend. would not recommend. could be better.,
514,1,bad experience. worst purchase.,
515,5,wonderful experience. works perfectly. could be better.,
516,4,exceeded expectations. wonderful experience.,
517,4,highly recommend. works perfectly.,
518,3,decent for the price. works perfectly.,
519,2,one star. does not work.,
520,5,exceeded expectations. great value.,
521,2,would not recommend. customer service was bad.,
522,1,poor quality. very disappointed.,
523,4,highly recommend. great value.,
524,4,best purchase ever. five stars. neither good nor bad.,
525,3,works as expected. bad experience.,
526,2,awful. difficult to use.,
527,3,neither good nor bad. highly recommend.,
528,4,works perfectly. love this product.,
529,2,would not recommend. bad experience.,
530,3,it's okay. wonderful experience.,
531,4,exceeded expectations. exceeded expectations.,
532,5,very satisfied. excellent quality.,
533,1,broke easily. awful.,
534,3,neither good nor bad. difficult to use.,
535,2,would not recommend. difficult to use.,
536,2,does not work. difficult to use. some pros and cons.,
537,3,it's okay. fantastic.,
538,3,could be better. does not work.,
539,2,waste of money. awful. decent for the price.,
540,5,amazing features. five stars.,
541,5,easy to use. easy to use.,
542,5,works perfectly. very satisfied.,
543,4,highly recommend. amazing features.,
544,2,waste of money. missing features. works as expected.,
545,1,awful. very disappointed.,
546,5,easy to use. best purchase ever.,
547,3,met expectations. highly recommend.,
548,4,love this product. love this product.,
549,3,could be better. easy to use.,
550,3,neither good nor bad. missing features.,
551,1,missing features. bad experience. nothing special.,
552,4,love this product. five stars.,
553,5,highly recommend. highly recommend.,
554,3,it's okay. bad experience.,
555,4,works perfectly. great value.,
556,3,works as expected. exceeded expectations.,
557,3,nothing special. poor quality.,
558,3,could be better. poor quality.,
559,3,could be better. love this product.,
560,4,five stars. love this product.,
561,5,very satisfied. fantastic.,
562,2,waste of money. broke easily. neither good nor bad.,
563,4,very satisfied. easy to use.,
564,3,could be better. best purchase ever.,
565,1,customer service was bad. bad experience.,
566,2,customer service was bad. missing features.,
567,2,one star. difficult to use. average product.,
568,1,one star. awful.,
569,2,broke easily. bad experience.,
570,4,five stars. works perfectly.,
571,2,broke easily. worst purchase.,
572,1,one star. poor quality.,
573,1,waste of money. broke easily.,
574,5,amazing features. wonderful experience.,
575,1,terrible product. missing features.,
576,1,bad experience. customer service was bad. met expectations.,
577,1,poor quality. does not work.,
578,5,highly recommend. wonderful experience.,
579,3,it's okay. missing features.,
580,2,awful. difficult to use. neither good nor bad.,
581,4,excellent quality. fantastic.,
582,2,terrible product. broke easily.,
583,2,does not work. would not recommend.,
584,5,fantastic. works perfectly.,
585,1,missing features. difficult to use. it's okay.,
586,5,exceeded expectations. great value.,
587,2,would not recommend. poor quality.,
588,5,very satisfied. exceeded expectations.,
589,5,easy to use. wonderful experience.,
590,4,easy to use. works perfectly.,
591,2,very disappointed. waste of money. decent for the price.,
592,1,poor quality. difficult to use.,
593,4,love this product. highly recommend.,
594,3,decent for the price. worst purchase.,
595,4,easy to use. great value.,
596,2,terrible product. waste of money.,
597,3,met expectations. waste of money.,
598,2,does not work. customer service was bad.,
599,1,bad experience. customer service was bad.,
600,5,great value. very satisfied.,
601,1,customer service was bad. worst purchase.,
602,4,amazing features. best purchase ever.,
603,3,some pros and cons. love this product.,
604,3,it's okay. excellent quality.,
605,3,it's okay. wonderful experience.,
606,5,wonderful experience. great value.,
607,3,decent for the price. customer service was bad.,
608,1,bad experience. does not work.,
609,5,amazing features. very satisfied.,
610,1,missing features. does not work. met expectations.,
611,1,poor quality. missing features.,
612,3,some pros and cons. does not work.,
613,2,one star. would not recommend.,
614,5,wonderful experience. very satisfied.,
615,5,works perfectly. works perfectly.,
616,3,average product. terrible product.,
617,1,poor quality. bad experience. some pros and cons.,
618,4,wonderful experience. easy to use.,
619,4,works perfectly. five stars.,
620,4,love this product. easy to use.,
621,5,great value. great value.,
622,2,bad experience. broke easily. could be better.,
623,3,average product. five stars.,
624,2,terrible product. worst purchase.,
625,4,love this product. very satisfied.,
626,3,it's okay. one star.,
627,5,easy to use. great value.,
628,4,love this product. five stars. decent for the price.,
629,5,great value. five stars. average product.,
630,1,awful. bad experience.,
631,2,bad experience. very disappointed. nothing special.,
632,4,wonderful experience. best purchase ever. works as expected.,
633,5,exceeded expectations. great value.,
634,3,works as expected. fantastic.,
635,2,difficult to use. broke easily. works as expected.,
636,5,amazing features. highly recommend.,
637,3,some pros and cons. works perfectly.,
638,3,decent for the price. waste of money.,
639,3,nothing special. worst purchase.,
640,4,exceeded expectations. wonderful experience.,
641,2,difficult to use. missing features.,
642,1,very disappointed. does not work.,
643,4,five stars. very satisfied.,
644,1,poor quality. would not recommend.,
645,1,one star. awful.,
646,3,average product. very disappointed.,
647,2,broke easily. awful. met expectations.,
648,4,highly recommend. highly recommend. neither good nor bad.,
649,5,great value. easy to use. some pros and cons.,
650,3,it's okay. difficult to use.,
651,1,would not recommend. one star. neither good nor bad.,
652,4,best purchase ever. wonderful experience. average product.,
653,2,poor quality. very disappointed.,
654,4,amazing features. fantastic. could be better.,
655,3,neither good nor bad. highly recommend.,
656,5,great value. best purchase ever.,
657,2,broke easily. one star.,
658,5,fantastic. works perfectly. neither good nor bad.,
659,1,missing features. difficult to use. could be better.,
660,2,poor quality. does not work.,
661,1,difficult to use. bad experience.,
662,1,bad experience. missing features.,
663,4,amazing features. works perfectly.,
664,4,fantastic. wonderful experience.,
665,1,missing features. one star.,
666,4,amazing features. wonderful experience.,
667,4,five stars. works perfectly. average product.,
668,5,works perfectly. best purchase ever.,
669,3,decent for the price. amazing features.,
670,1,very disappointed. would not recommend. average product.,
671,1,very disappointed. would not recommend.,
672,5,fantastic. excellent quality.,
673,3,it's okay. bad experience.,
674,2,difficult to use. bad experience.,
675,5,great value. great value. it's okay.,
676,3,nothing special. waste of money.,
677,4,amazing features. very satisfied.,
678,4,amazing features. five stars.,
679,1,broke easily. customer service was bad.,
680,3,neither good nor bad. love this product.,
681,1,waste of money. awful.,
682,2,very disappointed. awful.,
683,3,works as expected. fantastic.,
684,3,works as expected. five stars.,
685,2,worst purchase. terrible product. nothing special.,
686,2,one star. customer service was bad.,
687,4,fantastic. love this product.,
688,2,broke easily. missing features. could be better.,
689,4,excellent quality. works perfectly. met expectations.,
690,2,worst purchase. does not work.,
691,5,love this product. works perfectly. decent for the price.,
692,4,easy to use. excellent quality.,
693,4,works perfectly. best purchase ever.,
694,4,wonderful experience. love this product. nothing special.,
695,1,terrible product. broke easily.,
696,4,five stars. works perfectly.,
697,3,nothing special. easy to use.,
698,3,decent for the price. fantastic.,
699,3,some pros and cons. poor quality.,
700,1,broke easily. one star. neither good nor bad.,
701,2,bad experience. very disappointed.,
702,1,poor quality. difficult to use. some pros and cons.,
703,4,fantastic. great value.,
704,1,very disappointed. worst purchase.,
705,1,customer service was bad. terrible product.,
706,2,terrible product. customer service was bad.,
707,3,it's okay. fantastic.,
708,3,met expectations. easy to use.,
709,1,worst purchase. would not recommend. average product.,
710,2,customer service was bad. customer service was bad. neither good nor bad.,
711,3,works as expected. highly recommend.,
712,3,could be better. wonderful experience.,
713,1,does not work. would not recommend.,
714,2,one star. customer service was bad. average product.,
715,3,neither good nor bad. fantastic.,
716,4,very satisfied. excellent quality. decent for the price.,
717,5,wonderful experience. easy to use.,
718,2,difficult to use. very disappointed. average product.,
719,2,very disappointed. awful. works as expected.,
720,2,would not recommend. would not recommend. works as expected.,
721,5,highly recommend. very satisfied.,
722,3,neither good nor bad. excellent quality.,
723,1,does not work. bad experience. nothing special.,
724,1,awful. missing features.,
725,2,difficult to use. missing features. works as expected.,
726,4,exceeded expectations. exceeded expectations.,
727,5,excellent quality. five stars. average product.,
728,3,works as expected. great value.,
729,3,some pros and cons. worst purchase.,
730,4,best purchase ever. exceeded expectations.,
731,4,love this product. wonderful experience.,
732,4,highly recommend. five stars. decent for the price.,
733,2,bad experience. waste of money.,
734,4,best purchase ever. great value.,
735,3,some pros and cons. highly recommend.,
736,2,bad experience. does not work.,
737,5,highly recommend. very satisfied.,
738,4,very satisfied. highly recommend.,
739,1,would not recommend. poor quality.,
740,4,best purchase ever. highly recommend. average product.,
741,5,easy to use. highly recommend.,
742,3,works as expected. poor quality.,
743,3,average product. love this product.,
744,5,exceeded expectations. easy to use. neither good nor bad.,
745,2,terrible product. terrible product.,
746,1,difficult to use. poor quality.,
747,4,exceeded expectations. fantastic. works as expected.,
748,4,excellent quality. love this product.,
749,4,wonderful experience. best purchase ever.,
750,1,waste of money. very disappointed. met expectations.,
751,1,poor quality. worst purchase.,
752,4,best purchase ever. amazing features. nothing special.,
753,4,five stars. highly recommend. average product.,
754,1,one star. waste of money.,
755,5,great value. excellent quality. average product.,
756,2,would not recommend. bad experience. nothing special.,
757,1,would not recommend. poor quality.,
758,5,great value. highly recommend.,
759,3,neither good nor bad. difficult to use.,
760,4,five stars. excellent quality.,
761,3,it's okay. works perfectly.,
762,1,very disappointed. customer service was bad.,
763,5,great value. amazing features.,
764,1,broke easily. missing features.,
765,1,broke easily. difficult to use.,
766,3,works as expected. does not work.,
767,1,terrible product. terrible product.,
768,4,works perfectly. five stars. nothing special.,
769,5,highly recommend. works perfectly.,
770,3,some pros and cons. highly recommend.,
771,5,works perfectly. fantastic. works as expected.,
772,2,would not recommend. awful. neither good nor bad.,
773,3,met expectations. does not work.,
774,4,love this product. works perfectly.,
775,3,neither good nor bad. bad experience.,
776,4,very satisfied. five stars.,
777,5,amazing features. wonderful experience.,
778,1,terrible product. difficult to use.,
779,3,neither good nor bad. exceeded expectations.,
780,1,bad experience. does not work. works as expected.,
781,4,highly recommend. wonderful experience.,
782,1,very disappointed. would not recommend.,
783,1,terrible product. poor quality. some pros and cons.,
784,5,love this product. five stars.,
785,2,broke easily. very disappointed. it's okay.,
786,2,awful. bad experience. nothing special.,
787,2,customer service was bad. missing features.,
788,4,exceeded expectations. exceeded expectations.,
789,5,best purchase ever. easy to use.,
790,3,nothing special. waste of money.,
791,5,best purchase ever. wonderful experience.,
792,4,great value. amazing features.,
793,2,customer service was bad. broke easily.,
794,5,exceeded expectations. great value.,
795,4,works perfectly. easy to use.,
796,4,exceeded expectations. best purchase ever.,
797,3,could be better. one star.,
798,2,difficult to use. broke easily.,
799,4,love this product. amazing features. met expectations.,
800,5,exceeded expectations. best purchase ever.,
801,2,worst purchase. one star. works as expected.,
802,4,works perfectly. fantastic. nothing special.,
803,4,wonderful experience. fantastic.,
804,5,wonderful experience. great value. neither good nor bad.,
805,2,terrible product. waste of money.,
806,2,awful. awful.,
807,2,one star. worst purchase.,
808,1,very disappointed. waste of money.,
809,2,broke easily. one star. works as expected.,
810,3,it's okay. amazing features.,
811,2,awful. difficult to use.,
812,5,very satisfied. excellent quality.,
813,2,one star. bad experience. some pros and cons.,
814,3,met expectations. awful.,
815,1,difficult to use. awful.,
816,2,terrible product. does not work.,
817,4,best purchase ever. works perfectly. works as expected.,
818,5,five stars. works perfectly.,
819,4,amazing features. amazing features. neither good nor bad.,
820,3,average product. terrible product.,
821,5,fantastic. works perfectly.,
822,3,nothing special. broke easily.,
823,1,worst purchase. awful.,
824,5,great value. very satisfied.,
825,1,worst purchase. poor quality.,
826,3,average product. difficult to use.,
827,5,works perfectly. excellent quality.,
828,4,love this product. highly recommend. it's okay.,
829,4,excellent quality. wonderful experience.,
830,3,works as expected. best purchase ever.,
831,3,average product. wonderful experience.,
832,5,exceeded expectations. easy to use.,
833,2,would not recommend. bad experience.,
834,4,highly recommend. love this product. works as expected.,
835,1,waste of money. would not recommend.,
836,2,worst purchase. bad experience. could be better.,
837,3,works as expected. worst purchase.,
838,5,great value. best purchase ever.,
839,1,very disappointed. awful.,
840,5,great value. easy to use. average product.,
841,4,wonderful experience. excellent quality.,
842,2,worst purchase. does not work.,
843,4,exceeded expectations. five stars. could be better.,
844,1,one star. difficult to use.,
845,1,customer service was bad. does not work.,
846,3,nothing special. love this product.,
847,5,best purchase ever. excellent quality. met expectations.,
848,2,terrible product. customer service was bad.,
849,2,does not work. broke easily.,
850,3,met expectations. customer service was bad.,
851,3,met expectations. missing features.,
852,5,fantastic. fantastic.,
853,3,could be better. terrible product.,
854,3,decent for the price. would not recommend.,
855,5,love this product. works perfectly.,
856,3,works as expected. bad experience.,
857,5,easy to use. excellent quality.,
858,2,would not recommend. difficult to use. works as expected.,
859,5,wonderful experience. highly recommend.,
860,1,one star. customer service was bad.,
861,2,difficult to use. bad experience.,
862,3,some pros and cons. bad experience.,
863,4,works perfectly. great value.,
864,2,worst purchase. difficult to use.,
865,5,love this product. easy to use.,
866,5,works perfectly. amazing features.,
867,1,poor quality. missing features.,
868,2,customer service was bad. terrible product.,
869,1,would not recommend. would not recommend. it's okay.,
870,4,five stars. very satisfied. average product.,
871,2,terrible product. bad experience. met expectations.,
872,5,wonderful experience. best purchase ever.,
873,2,does not work. difficult to use.,
874,2,customer service was bad. terrible product.,
875,3,some pros and cons. five stars.,
876,2,very disappointed. would not recommend.,
877,1,difficult to use. does not work.,
878,1,customer service was bad. bad experience.,
879,4,excellent quality. love this product.,
880,2,customer service was bad. difficult to use. could be better.,
881,3,works as expected. terrible product.,
882,4,great value. love this product.,
883,3,met expectations. five stars.,
884,1,broke easily. terrible product.,
885,4,excellent quality. wonderful experience.,
886,3,it's okay. very disappointed.,
887,1,waste of money. worst purchase. average product.,
888,5,best purchase ever. wonderful experience.,
889,4,highly recommend. wonderful experience.,
890,3,neither good nor bad. difficult to use.,
891,5,works perfectly. easy to use.,
892,1,difficult to use. does not work.,
893,2,terrible product. bad experience.,
894,2,would not recommend. waste of money.,
895,1,worst purchase. does not work.,
896,1,customer service was bad. broke easily.,
897,2,missing features. difficult to use.,
898,2,missing features. waste of money.,
899,5,fantastic. fantastic.,
900,5,amazing features. five stars. some pros and cons.,
901,4,excellent quality. fantastic.,
902,5,wonderful experience. fantastic. it's okay.,
903,2,bad experience. poor quality. it's okay.,
904,5,fantastic. fantastic.,
905,4,exceeded expectations. five stars. works as expected.,
906,2,worst purchase. worst purchase. it's okay.,
907,2,terrible product. worst purchase.,
908,4,fantastic. works perfectly.,
909,2,would not recommend. waste of money.,
910,4,love this product. amazing features.,
911,2,would not recommend. difficult to use.,
912,3,neither good nor bad. amazing features.,
913,5,highly recommend. wonderful experience.,
914,2,one star. worst purchase.,
915,5,five stars. highly recommend. some pros and cons.,
916,5,excellent quality. highly recommend.,
917,3,nothing special. works perfectly.,
918,2,would not recommend. very disappointed. nothing special.,
919,3,works as expected. exceeded expectations.,
920,5,exceeded expectations. great value. works as expected.,
921,2,waste of money. missing features.,
922,5,fantastic. great value.,
923,2,customer service was bad. difficult to use.,
924,4,best purchase ever. best purchase ever. works as expected.,
925,3,average product. very satisfied.,
926,1,does not work. poor quality. average product.,
927,5,amazing features. five stars.,
928,2,waste of money. would not recommend. nothing special.,
929,5,very satisfied. excellent quality. decent for the price.,
930,4,highly recommend. fantastic.,
931,1,very disappointed. very disappointed.,
932,4,very satisfied. love this product.,
933,3,met expectations. customer service was bad.,
934,1,one star. worst purchase. some pros and cons.,
935,4,exceeded expectations. easy to use. nothing special.,
936,5,excellent quality. love this product.,
937,4,fantastic. fantastic. decent for the price.,
938,2,poor quality. worst purchase.,
939,1,would not recommend. worst purchase.,
940,5,exceeded expectations. very satisfied. could be better.,
941,2,missing features. waste of money. met expectations.,
942,5,best purchase ever. fantastic.,
943,2,one star. poor quality.,
944,4,best purchase ever. fantastic.,
945,4,great value. exceeded expectations.,
946,5,excellent quality. best purchase ever.,
947,4,love this product. highly recommend. decent for the price.,
948,5,fantastic. wonderful experience. nothing special.,
949,5,five stars. best purchase ever.,
950,1,waste of money. very disappointed.,
951,4,excellent quality. wonderful experience.,
952,5,best purchase ever. very satisfied. it's okay.,
953,1,broke easily. missing features. decent for the price.,
954,5,best purchase ever. five stars.,
955,2,one star. poor quality.,
956,3,average product. customer service was bad.,
957,1,bad experience. poor quality.,
958,2,difficult to use. worst purchase. could be better.,
959,3,it's okay. easy to use.,
960,4,easy to use. excellent quality.,
961,3,it's okay. missing features.,
962,5,five stars. highly recommend.,
963,1,difficult to use. waste of money.,
964,4,great value. highly recommend. decent for the price.,
965,5,works perfectly. wonderful experience. nothing special.,
966,4,wonderful experience. five stars. decent for the price.,
967,4,great value. easy to use.,
968,2,waste of money. worst purchase.,
969,3,could be better. love this product.,
970,5,great value. best purchase ever. nothing special.,
971,5,highly recommend. excellent quality. could be better.,
972,1,one star. worst purchase.,
973,1,waste of money. one star.,
974,4,five stars. great value. average product.,
975,1,terrible product. terrible product.,
976,2,does not work. missing features.,
977,5,wonderful experience. excellent quality.,
978,3,neither good nor bad. bad experience.,
979,2,difficult to use. very disappointed. nothing special.,
980,1,customer service was bad. would not recommend.,
981,5,easy to use. highly recommend. nothing special.,
982,1,would not recommend. awful. nothing special.,
983,3,works as expected. terrible product.,
984,3,it's okay. five stars.,
985,1,bad experience. does not work.,
986,3,it's okay. wonderful experience.,
987,1,broke easily. customer service was bad. met expectations.,
988,2,broke easily. difficult to use.,
989,2,customer service was bad. poor quality.,
990,2,missing features. broke easily.,
991,3,nothing special. missing features.,
992,4,very satisfied. easy to use. met expectations.,
993,4,amazing features. five stars.,
994,4,five stars. five stars.,
995,2,worst purchase. terrible product. some pros and cons.,
996,3,average product. worst purchase.,
997,3,met expectations. poor quality.,
998,3,works as expected. five stars.,
999,5,fantastic. excellent quality. neither good nor bad.,
1000,1,waste of money. worst purchase. works as expected.,
